{
    "providers": [
		{
			"type": "bitmap",
			"file": "minecraft:custom_lang/full.png",
			"ascent": -5,
			"height": 9,
			"chars": [
			"\u214E"
			]
		},
		{
			"type": "bitmap",
			"file": "minecraft:custom_lang/half.png",
			"ascent": -5,
			"height": 9,
			"chars": [
			"\u2184"
			]
		},
				{
			"type": "bitmap",
			"file": "minecraft:custom_lang/fullh.png",
			"ascent": -5,
			"height": 9,
			"chars": [
			"\u026C"
			]
		},
		{
			"type": "bitmap",
			"file": "minecraft:custom_lang/halfh.png",
			"ascent": -5,
			"height": 9,
			"chars": [
			"\u0277"
			]
		},
				{
			"type": "bitmap",
			"file": "minecraft:custom_lang/emptyh.png",
			"ascent": -5,
			"height": 9,
			"chars": [
			"\u0238"
			]
		},
		{
			"type": "bitmap",
			"file": "minecraft:custom_lang/empty.png",
			"ascent": -5,
			"height": 9,
			"chars": [
			"\u2C6F"
			]
		},
		{
			"type": "bitmap",
			"file": "minecraft:custom_lang/freezing.png",
            "ascent": -12,
			"height": 15,
			"chars": [
			"\ue512"
			]
		},
		{
			"type": "bitmap",
			"file": "minecraft:custom_lang/6.png",
            "ascent": -12,
			"height": 15,
			"chars": [
			"\ue513"
			]
		},
		{
			"type": "bitmap",
			"file": "minecraft:custom_lang/7.png",
            "ascent": -12,
			"height": 15,
			"chars": [
			"\ue514"
			]
		},
		{
			"type": "bitmap",
			"file": "minecraft:custom_lang/8.png",
            "ascent": -12,
			"height": 15,
			"chars": [
			"\ue515"
			]
		},
		{
			"type": "bitmap",
			"file": "minecraft:custom_lang/9.png",
            "ascent": -12,
			"height": 15,
			"chars": [
			"\ue516"
			]
		},
		{
			"type": "bitmap",
			"file": "minecraft:custom_lang/10.png",
            "ascent": -12,
			"height": 15,
			"chars": [
			"\ue517"
			]
		},
		{
			"type": "bitmap",
			"file": "minecraft:custom_lang/normal.png",
            "ascent": -12,
			"height": 15,
			"chars": [
			"\ue518"
			]
		},
		{
			"type": "bitmap",
			"file": "minecraft:custom_lang/15.png",
            "ascent": -12,
			"height": 15,
			"chars": [
			"\ue519"
			]
		},
		{
			"type": "bitmap",
			"file": "minecraft:custom_lang/16.png",
            "ascent": -12,
			"height": 15,
			"chars": [
			"\ue520"
			]
		},
		{
			"type": "bitmap",
			"file": "minecraft:custom_lang/17.png",
            "ascent": -12,
			"height": 15,
			"chars": [
			"\ue521"
			]
		},
		{
			"type": "bitmap",
			"file": "minecraft:custom_lang/18.png",
            "ascent": -12,
			"height": 15,
			"chars": [
			"\ue522"
			]
		},
		{
			"type": "bitmap",
			"file": "minecraft:custom_lang/19.png",
            "ascent": -12,
			"height": 15,
			"chars": [
			"\ue523"
			]
		},
		{
			"type": "bitmap",
			"file": "minecraft:custom_lang/burning.png",
            "ascent": -12,
			"height": 15,
			"chars": [
			"\ue524"
			]
		},
        {
            "type": "ttf",
            "file": "minecraft:negative_spaces.ttf",
            "shift": [0.0, 0.0],
            "size": 10.0,
            "oversample": 1.0
        }
    ]
}