{
    "providers": [
		{
			"type": "bitmap",
			"file": "minecraft:custom_lang/full.png",
			"ascent": -5,
			"height": 10,
			"chars": [
			"\u214E"
			]
		},
		{
			"type": "bitmap",
			"file": "minecraft:custom_lang/half.png",
			"ascent": -5,
			"height": 10,
			"chars": [
			"\u2184"
			]
		},
				{
			"type": "bitmap",
			"file": "minecraft:custom_lang/fullh.png",
			"ascent": -5,
			"height": 10,
			"chars": [
			"\u026C"
			]
		},
		{
			"type": "bitmap",
			"file": "minecraft:custom_lang/halfh.png",
			"ascent": -5,
			"height": 10,
			"chars": [
			"\u0277"
			]
		},
				{
			"type": "bitmap",
			"file": "minecraft:custom_lang/emptyh.png",
			"ascent": -5,
			"height": 10,
			"chars": [
			"\u0238"
			]
		},
		{
			"type": "bitmap",
			"file": "minecraft:custom_lang/empty.png",
			"ascent": -5,
			"height": 10,
			"chars": [
			"\u2C6F"
			]
		},
        {
            "type": "ttf",
            "file": "minecraft:negative_spaces.ttf",
            "shift": [0.0, 0.0],
            "size": 10.0,
            "oversample": 1.0
        }
    ]
}